day,hour,value
2026-02-04,15:57,Media
2026-02-04,16:05,Media
2026-02-04,17:04,Massima
2026-02-04,18:11,Alta
2026-02-04,19:06,Massima
2026-02-04,20:11,Massima
2026-02-04,20:54,Massima
2026-02-04,21:56,Massima
2026-02-04,22:50,Alta
2026-02-04,23:49,Media
2026-02-05,00:47,Media
2026-02-05,04:13,Media
2026-02-05,07:12,Bassa
2026-02-05,08:29,Bassa
2026-02-05,10:05,Bassa
2026-02-05,11:05,Bassa
2026-02-05,12:05,Bassa
2026-02-05,12:53,Media
2026-02-05,14:41,Bassa
2026-02-05,16:07,Massima
2026-02-05,17:00,Media
2026-02-05,18:12,Media
2026-02-05,19:06,Alta
2026-02-05,20:10,Massima
2026-02-05,20:53,Alta
2026-02-05,21:55,Media
2026-02-05,22:49,Media
2026-02-05,23:51,Media
2026-02-06,00:44,Bassa
2026-02-06,04:13,Bassa
2026-02-06,05:59,Bassa
2026-02-06,07:10,Bassa
2026-02-06,08:15,Bassa
2026-02-06,08:59,Bassa
2026-02-06,10:04,Bassa
2026-02-06,11:03,Bassa
2026-02-06,12:03,Media
2026-02-06,12:51,Media
2026-02-06,14:37,Bassa
2026-02-06,16:04,Media
2026-02-06,17:00,Alta
2026-02-06,18:07,Alta
2026-02-06,19:02,Media
2026-02-06,20:10,Media
2026-02-06,20:52,Media
2026-02-06,21:54,Bassa
2026-02-06,22:49,Bassa
2026-02-06,23:46,Bassa
2026-02-07,00:44,Bassa
2026-02-07,04:06,Bassa
2026-02-07,05:49,Bassa
2026-02-07,07:00,Bassa
2026-02-07,08:04,Bassa
2026-02-07,08:47,Bassa
2026-02-07,09:52,Bassa
2026-02-07,10:49,Bassa
2026-02-07,11:49,Bassa
2026-02-07,12:40,Bassa
2026-02-07,14:14,Bassa
2026-02-07,14:56,Bassa
2026-02-07,15:48,Media
2026-02-07,16:45,Bassa
2026-02-07,17:53,Bassa
2026-02-07,18:48,Bassa
2026-02-07,19:56,Media
2026-02-07,20:41,Media
2026-02-07,21:47,Bassa
2026-02-07,22:45,Bassa
2026-02-07,23:49,Bassa
2026-02-08,00:52,Bassa
2026-02-08,04:41,Bassa
2026-02-08,06:43,Bassa
2026-02-08,08:10,Bassa
2026-02-08,08:53,Bassa
2026-02-08,09:53,Bassa
2026-02-08,10:49,Bassa
2026-02-08,11:50,Bassa
2026-02-08,12:41,Bassa
2026-02-08,14:15,Bassa
2026-02-08,14:57,Bassa
2026-02-08,15:50,Bassa
2026-02-08,16:45,Media
2026-02-08,17:53,Media
2026-02-08,18:48,Bassa
2026-02-08,19:58,Bassa
2026-02-08,20:42,Media
2026-02-08,21:47,Bassa
2026-02-08,22:46,Bassa
2026-02-08,23:51,Bassa
2026-02-09,00:49,Bassa
2026-02-09,04:24,Bassa
2026-02-09,06:15,Bassa
2026-02-09,07:38,Bassa
2026-02-09,09:05,Bassa
2026-02-09,10:12,Bassa
2026-02-09,11:32,Bassa
2026-02-09,12:59,Media
2026-02-09,14:51,Bassa
2026-02-09,16:15,Media
2026-02-09,17:17,Bassa
2026-02-09,18:16,Alta
2026-02-09,19:08,Massima
2026-02-09,20:43,Massima
2026-02-09,22:00,Media
2026-02-09,22:59,Media
2026-02-10,00:01,Media
2026-02-10,00:56,Bassa
2026-02-10,04:32,Bassa
2026-02-10,06:53,Bassa
2026-02-10,08:35,Bassa
2026-02-10,10:15,Bassa
2026-02-10,11:14,Bassa
2026-02-10,12:16,Media
2026-02-10,13:03,Bassa
2026-02-10,14:57,Bassa
2026-02-10,16:38,Media
2026-02-10,18:31,Alta
2026-02-10,20:35,Alta
2026-02-10,22:04,Media
2026-02-10,23:03,Bassa
2026-02-11,00:03,Bassa
2026-02-11,00:56,Bassa
2026-02-11,04:28,Bassa
2026-02-11,06:49,Bassa
2026-02-11,08:32,Bassa
2026-02-11,10:09,Bassa
2026-02-11,11:12,Bassa
2026-02-11,12:13,Bassa
2026-02-11,13:01,Bassa
2026-02-11,14:52,Bassa
2026-02-11,16:29,Bassa
2026-02-11,18:30,Bassa
2026-02-11,20:31,Alta
2026-02-11,21:59,Media
2026-02-11,22:54,Media
2026-02-11,23:54,Bassa
2026-02-12,00:50,Bassa
2026-02-12,04:24,Bassa
2026-02-12,06:13,Bassa
2026-02-12,07:36,Bassa
2026-02-12,09:02,Bassa
2026-02-12,10:08,Bassa
2026-02-12,11:10,Media
2026-02-12,12:10,Media
2026-02-12,12:58,Media
2026-02-12,14:47,Bassa
2026-02-12,16:10,Media
2026-02-12,17:13,Alta
2026-02-12,18:30,Alta
2026-02-12,20:30,Media
2026-02-12,21:55,Media
2026-02-12,22:53,Bassa
2026-02-12,23:53,Bassa
2026-02-13,00:49,Bassa
2026-02-13,04:24,Bassa
2026-02-13,06:08,Bassa
2026-02-13,07:15,Bassa
2026-02-13,08:30,Bassa
2026-02-13,10:05,Bassa
2026-02-13,11:04,Bassa
2026-02-13,12:05,Bassa
2026-02-13,12:49,Media
2026-02-13,14:38,Bassa
2026-02-13,16:06,Bassa
2026-02-13,17:03,Bassa
2026-02-13,18:10,Bassa
2026-02-13,19:00,Bassa
2026-02-13,20:12,Bassa
2026-02-13,20:59,Bassa
2026-02-13,22:00,Bassa
2026-02-13,22:55,Bassa
2026-02-13,23:56,Bassa
2026-02-14,00:48,Bassa
2026-02-14,04:10,Bassa
2026-02-14,05:53,Bassa
2026-02-14,07:02,Bassa
2026-02-14,08:06,Bassa
2026-02-14,08:50,Bassa
2026-02-14,09:52,Bassa
2026-02-14,10:49,Bassa
2026-02-14,11:49,Bassa
2026-02-14,12:41,Bassa
2026-02-14,14:14,Bassa
2026-02-14,14:56,Bassa
2026-02-14,15:49,Bassa
2026-02-14,16:45,Bassa
2026-02-14,17:52,Bassa
2026-02-14,18:46,Bassa
2026-02-14,19:56,Bassa
2026-02-14,20:41,Bassa
2026-02-14,21:46,Bassa
2026-02-14,22:43,Bassa
2026-02-14,23:46,Bassa
2026-02-15,00:42,Bassa
2026-02-15,04:24,Bassa
2026-02-15,06:07,Bassa
2026-02-15,07:10,Bassa
2026-02-15,08:10,Bassa
2026-02-15,08:52,Bassa
2026-02-15,09:53,Bassa
2026-02-15,10:51,Bassa
2026-02-15,11:50,Bassa
2026-02-15,12:41,Bassa
2026-02-15,14:16,Bassa
2026-02-15,14:56,Bassa
2026-02-15,15:49,Bassa
2026-02-15,16:44,Media
2026-02-15,17:52,Bassa
2026-02-15,18:47,Bassa
2026-02-15,19:58,Media
2026-02-15,20:42,Bassa
2026-02-15,21:46,Bassa
2026-02-15,22:44,Bassa
2026-02-15,23:47,Bassa
2026-02-16,00:45,Bassa
2026-02-16,04:22,Bassa
2026-02-16,06:14,Bassa
2026-02-16,07:37,Bassa
2026-02-16,09:03,Bassa
2026-02-16,10:09,Media
2026-02-16,11:13,Media
2026-02-16,12:10,Bassa
2026-02-16,12:57,Media
2026-02-16,14:42,Bassa
2026-02-16,16:05,Massima
2026-02-16,17:00,Massima
2026-02-16,18:06,Massima
2026-02-16,18:58,Massima
2026-02-16,20:06,Massima
2026-02-16,20:48,Massima
2026-02-16,21:52,Media
2026-02-16,22:48,Alta
2026-02-16,23:52,Media
2026-02-17,00:49,Media
2026-02-17,04:17,Media
2026-02-17,06:07,Media
2026-02-17,07:13,Bassa
2026-02-17,08:29,Bassa
2026-02-17,10:07,Bassa
2026-02-17,11:09,Media
2026-02-17,12:10,Media
2026-02-17,12:57,Media
2026-02-17,14:41,Bassa
2026-02-17,16:10,Alta
2026-02-17,17:13,Alta
2026-02-17,18:29,Massima
2026-02-17,20:26,Alta
2026-02-17,21:59,Media
2026-02-17,22:51,Bassa
2026-02-17,23:54,Bassa
2026-02-18,00:49,Bassa
2026-02-18,04:20,Bassa
2026-02-18,06:08,Bassa
2026-02-18,07:34,Bassa
2026-02-18,09:02,Bassa
2026-02-18,10:07,Bassa
2026-02-18,11:09,Alta
2026-02-18,12:09,Massima
2026-02-18,12:57,Alta
2026-02-18,14:43,Media
2026-02-18,16:08,Massima
2026-02-18,17:13,Massima
2026-02-18,18:31,Alta
2026-02-18,20:25,Alta
2026-02-18,22:00,Bassa
2026-02-18,22:52,Bassa
2026-02-18,23:56,Bassa
2026-02-19,00:49,Bassa
2026-02-19,04:18,Bassa
2026-02-19,06:06,Bassa
2026-02-19,07:33,Bassa
2026-02-19,09:01,Bassa
2026-02-19,10:07,Media
2026-02-19,11:08,Bassa
2026-02-19,12:09,Media
2026-02-19,12:57,Alta
2026-02-19,14:44,Bassa
2026-02-19,16:10,Massima
2026-02-19,17:08,Massima
2026-02-19,18:25,Massima
2026-02-19,20:12,Massima
2026-02-19,20:53,Media
2026-02-19,21:54,Media
2026-02-19,22:53,Bassa
2026-02-19,23:55,Bassa
2026-02-20,00:49,Bassa
2026-02-20,04:14,Bassa
2026-02-20,06:00,Bassa
2026-02-20,07:10,Bassa
2026-02-20,08:27,Bassa
2026-02-20,10:01,Bassa
2026-02-20,11:00,Media
2026-02-20,12:00,Media
2026-02-20,12:49,Alta
2026-02-20,14:36,Media
2026-02-20,16:04,Massima
2026-02-20,16:56,Massima
2026-02-20,18:03,Massima
2026-02-20,18:58,Alta
2026-02-20,20:08,Alta
2026-02-20,20:50,Alta
2026-02-20,21:50,Alta
2026-02-20,22:45,Media
2026-02-20,23:49,Media
2026-02-21,00:47,Media
2026-02-21,04:05,Media
2026-02-21,05:48,Media
2026-02-21,06:59,Bassa
2026-02-21,08:04,Bassa
2026-02-21,08:47,Bassa
2026-02-21,09:51,Bassa
2026-02-21,10:49,Media
2026-02-21,11:48,Alta
2026-02-21,12:40,Media
2026-02-21,14:13,Media
2026-02-21,14:55,Media
2026-02-21,15:48,Media
2026-02-21,16:44,Media
2026-02-21,17:51,Media
2026-02-21,18:46,Media
2026-02-21,19:56,Media
2026-02-21,20:41,Media
2026-02-21,21:44,Media
2026-02-21,22:42,Media
2026-02-21,23:46,Bassa
2026-02-22,00:42,Bassa
2026-02-22,04:19,Bassa
2026-02-22,06:01,Bassa
2026-02-22,07:06,Bassa
2026-02-22,08:08,Bassa
2026-02-22,08:51,Bassa
2026-02-22,09:52,Bassa
2026-02-22,10:50,Media
2026-02-22,11:47,Media
2026-02-22,12:39,Bassa
2026-02-22,14:14,Bassa
2026-02-22,14:55,Bassa
2026-02-22,15:48,Bassa
2026-02-22,16:44,Media
2026-02-22,17:52,Bassa
2026-02-22,18:46,Media
2026-02-22,19:56,Media
2026-02-22,20:41,Media
2026-02-22,21:46,Media
2026-02-22,22:43,Bassa
2026-02-22,23:47,Bassa
2026-02-23,00:44,Bassa
2026-02-23,04:22,Bassa
2026-02-23,06:12,Bassa
2026-02-23,07:37,Bassa
2026-02-23,09:04,Media
2026-02-23,10:09,Media
2026-02-23,11:14,Alta
2026-02-23,12:10,Massima
2026-02-23,12:56,Massima
2026-02-23,14:44,Massima
2026-02-23,16:10,Massima
2026-02-23,17:08,Massima
2026-02-23,18:34,Massima
2026-02-23,20:36,Massima
2026-02-23,22:05,Massima
2026-02-23,23:06,Massima
2026-02-24,00:04,Massima
2026-02-24,00:49,Alta
2026-02-24,04:17,Alta
2026-02-24,06:05,Bassa
2026-02-24,07:15,Bassa
2026-02-24,08:30,Bassa
2026-02-24,10:10,Bassa
2026-02-24,11:11,Alta
2026-02-24,12:10,Media
2026-02-24,12:58,Alta
2026-02-24,14:46,Media
2026-02-24,16:13,Massima
2026-02-24,17:32,Massima
2026-02-24,19:11,Massima
2026-02-24,20:28,Massima
2026-02-24,21:58,Media
2026-02-24,22:55,Media
2026-02-24,23:56,Bassa
2026-02-25,00:51,Bassa
2026-02-25,04:18,Bassa
2026-02-25,06:08,Bassa
2026-02-25,07:36,Media
2026-02-25,09:04,Media
2026-02-25,10:10,Alta
2026-02-25,11:13,Massima
2026-02-25,12:12,Massima
2026-02-25,12:56,Massima
2026-02-25,14:46,Massima
2026-02-25,16:14,Massima
2026-02-25,17:38,Massima
2026-02-25,19:16,Massima
2026-02-25,20:30,Massima
2026-02-25,21:57,Alta
2026-02-25,22:52,Alta
2026-02-25,23:56,Alta
2026-02-26,00:48,Media
2026-02-26,04:14,Media
2026-02-26,06:05,Media
2026-02-26,07:14,Bassa
2026-02-26,08:30,Media
